id,first_name,last_name,email,gender,profession
1,Kristine,Navaro,knavaro0@goodreads.com,Agender,Research Associate
2,Laurena,Guilloud,lguilloud1@163.com,Female,Associate Professor
3,Roxie,Riglesford,rriglesford2@virginia.edu,Female,Professor
4,York,Bigglestone,ybigglestone3@simplemachines.org,Male,Human Resources Manager
5,Carla,Meagh,cmeagh4@google.com.hk,Female,Media Manager III
6,Jedediah,Joannidi,jjoannidi5@npr.org,Genderfluid,Tax Accountant
7,Joshuah,Scarce,jscarce6@examiner.com,Male,Senior Quality Engineer
8,Lissy,Meugens,lmeugens7@rediff.com,Female,Graphic Designer
9,Faye,Funnell,ffunnell8@trellian.com,Female,Associate Professor
10,Benson,Leyban,bleyban9@a8.net,Male,Assistant Professor
11,Charmaine,Ipwell,cipwella@phpbb.com,Female,Actuary
12,Wain,Ollcott,wollcottb@yahoo.com,Male,Project Manager
13,Niels,Rubinovitsch,nrubinovitschc@reverbnation.com,Male,Administrative Assistant II
14,Jayne,Braycotton,jbraycottond@hhs.gov,Female,Administrative Officer
15,Mona,Malinowski,mmalinowskie@nps.gov,Female,Research Associate
16,Tedd,Strathman,tstrathmanf@state.tx.us,Male,Senior Cost Accountant
17,Jae,Varren,jvarreng@ucoz.com,Male,Help Desk Operator
18,Fabian,Bisco,fbiscoh@storify.com,Male,Electrical Engineer
19,Ellswerth,Burdytt,eburdytti@nps.gov,Male,Paralegal
20,Bone,Mathevon,bmathevonj@noaa.gov,Male,Dental Hygienist
21,Krishnah,Raoul,kraoulk@blogs.com,Male,Speech Pathologist
22,Gillan,Hanner,ghannerl@wunderground.com,Genderqueer,Structural Analysis Engineer
23,Ruthi,McKearnen,rmckearnenm@sitemeter.com,Female,Biostatistician III
24,Tabbitha,McNysche,tmcnyschen@odnoklassniki.ru,Female,Physical Therapy Assistant
25,Keelby,Going,kgoingo@4shared.com,Male,Food Chemist
26,Vasilis,Wooster,vwoosterp@oracle.com,Male,Editor
27,Nana,Van der Krui,nvanderkruiq@homestead.com,Female,Dental Hygienist
28,Antons,Richings,arichingsr@shop-pro.jp,Male,VP Sales
29,Sawyere,Marcoolyn,smarcoolyns@jugem.jp,Male,Assistant Media Planner
30,Shani,Garrard,sgarrardt@samsung.com,Female,Professor
31,Penny,Easseby,peassebyu@wikipedia.org,Male,Assistant Media Planner
32,Brittni,Bines,bbinesv@stumbleupon.com,Female,Sales Representative
33,Edna,Bennedick,ebennedickw@squarespace.com,Female,Biostatistician IV
34,Victor,Yerbury,vyerburyx@prweb.com,Male,Financial Advisor
35,Clarinda,Kennerknecht,ckennerknechty@technorati.com,Female,Research Associate
36,Cissy,Kliche,cklichez@foxnews.com,Female,Pharmacist
37,Rianon,Cann,rcann10@webs.com,Female,Legal Assistant
38,Mariana,Stovell,mstovell11@npr.org,Female,Programmer IV
39,Twila,Leguey,tleguey12@pinterest.com,Female,Geological Engineer
40,Diarmid,Rawcliff,drawcliff13@joomla.org,Male,Research Assistant IV
41,Louise,Gostick,lgostick14@topsy.com,Female,Environmental Specialist
42,Celle,Tilio,ctilio15@salon.com,Female,Health Coach III
43,Gladi,Timberlake,gtimberlake16@acquirethisname.com,Female,Associate Professor
44,Lacie,Beese,lbeese17@blogger.com,Female,Research Nurse
45,Gordan,Glidden,gglidden18@newyorker.com,Male,Paralegal
46,Zorine,Stevenson,zstevenson19@amazon.co.uk,Female,Nurse Practicioner
47,Allis,Hansberry,ahansberry1a@boston.com,Female,Cost Accountant
48,Ofella,Camolli,ocamolli1b@last.fm,Female,Analog Circuit Design manager
49,Rusty,Snar,rsnar1c@theguardian.com,Male,Senior Quality Engineer
50,Ashli,Pogue,apogue1d@icio.us,Female,Speech Pathologist
51,Philipa,Jerrome,pjerrome1e@hexun.com,Genderqueer,Environmental Specialist
52,Curry,Champniss,cchampniss1f@indiegogo.com,Male,Teacher
53,Rivalee,Keal,rkeal1g@ed.gov,Female,Data Coordinator
54,Antone,Harfleet,aharfleet1h@addtoany.com,Male,Human Resources Manager
55,Hedda,Aprahamian,haprahamian1i@etsy.com,Female,Social Worker
56,Odele,Gregory,ogregory1j@noaa.gov,Non-binary,Automation Specialist I
57,Benni,Lillico,blillico1k@berkeley.edu,Non-binary,Assistant Professor
58,Abramo,Harburtson,aharburtson1l@youtu.be,Male,Marketing Assistant
59,Sarina,Cuniffe,scuniffe1m@cnbc.com,Female,Assistant Professor
60,Cinda,Slorach,cslorach1n@businesswire.com,Female,Payment Adjustment Coordinator
61,Appolonia,Coward,acoward1o@fema.gov,Female,Compensation Analyst
62,Theodosia,Izkovici,tizkovici1p@addthis.com,Female,Staff Scientist
63,Annadiana,Gubbins,agubbins1q@acquirethisname.com,Female,Cost Accountant
64,Kathryn,McGlew,kmcglew1r@1688.com,Female,Structural Analysis Engineer
65,Drake,Doerren,ddoerren1s@biglobe.ne.jp,Male,Cost Accountant
66,Agatha,Furlonge,afurlonge1t@indiatimes.com,Female,Graphic Designer
67,Thurstan,Ashbrook,tashbrook1u@macromedia.com,Genderfluid,Civil Engineer
68,Nester,Attenbarrow,nattenbarrow1v@springer.com,Male,Administrative Officer
69,Francene,Bosward,fbosward1w@mtv.com,Female,Automation Specialist I
70,Sergeant,Cowpe,scowpe1x@sbwire.com,Bigender,Structural Engineer
71,Huntley,Braznell,hbraznell1y@youtu.be,Male,Biostatistician III
72,Nestor,Quinlan,nquinlan1z@wisc.edu,Male,Analog Circuit Design manager
73,Belicia,Pasquale,bpasquale20@amazon.de,Female,Programmer Analyst II
74,Wilt,Dawidowitsch,wdawidowitsch21@businesswire.com,Genderfluid,Sales Representative
75,Dyanne,Sonner,dsonner22@washingtonpost.com,Female,Internal Auditor
76,Yetta,Templeman,ytempleman23@geocities.jp,Female,Nurse
77,Emiline,Pow,epow24@elegantthemes.com,Female,VP Quality Control
78,Alberik,Dilon,adilon25@salon.com,Male,Web Developer I
79,Rhona,Gilcriest,rgilcriest26@state.gov,Female,Recruiting Manager
80,Karylin,Quilligan,kquilligan27@kickstarter.com,Female,Senior Quality Engineer
81,Lemmie,Koeppe,lkoeppe28@elegantthemes.com,Male,Environmental Specialist
82,Cammie,Coatman,ccoatman29@netlog.com,Female,Help Desk Operator
83,Bibbye,Pioli,bpioli2a@etsy.com,Female,General Manager
84,Hendrika,Arendsen,harendsen2b@google.pl,Female,Project Manager
85,Keir,Hobben,khobben2c@sina.com.cn,Male,Executive Secretary
86,Carry,Joicey,cjoicey2d@springer.com,Female,Product Engineer
87,Lee,McIan,lmcian2e@addthis.com,Female,Statistician I
88,Marleah,Corden,mcorden2f@123-reg.co.uk,Female,Professor
89,Scotti,Danaher,sdanaher2g@wordpress.com,Male,Senior Developer
90,Joellyn,Giacopini,jgiacopini2h@storify.com,Female,Account Coordinator
91,Riordan,Starbucke,rstarbucke2i@webmd.com,Male,Geological Engineer
92,Levy,Bollans,lbollans2j@imdb.com,Male,Operator
93,Consuela,Braizier,cbraizier2k@instagram.com,Female,Environmental Specialist
94,Sybila,Alekhov,salekhov2l@cafepress.com,Female,Administrative Officer
95,Kay,Lang,klang2m@phoca.cz,Female,Structural Analysis Engineer
96,Kingston,Bedrosian,kbedrosian2n@storify.com,Male,Dental Hygienist
97,Brendan,MacCollom,bmaccollom2o@51.la,Male,Statistician II
98,Virge,Olivella,volivella2p@nymag.com,Male,Accountant II
99,Dix,Lefeuvre,dlefeuvre2q@list-manage.com,Non-binary,Electrical Engineer
100,Ida,Smallridge,ismallridge2r@skyrock.com,Female,Senior Financial Analyst
101,Francis,Basley,fbasley2s@wikispaces.com,Male,Account Representative II
102,Jay,Sappy,jsappy2t@unicef.org,Non-binary,Information Systems Manager
103,Easter,Mompesson,emompesson2u@intel.com,Female,Assistant Media Planner
104,Kinnie,Northcott,knorthcott2v@odnoklassniki.ru,Male,Biostatistician IV
105,Moira,Hawke,mhawke2w@vk.com,Female,Budget/Accounting Analyst III
106,Mace,Doulton,mdoulton2x@cam.ac.uk,Male,Design Engineer
107,Karola,Dudin,kdudin2y@canalblog.com,Female,Project Manager
108,Gusty,Moran,gmoran2z@stumbleupon.com,Female,Budget/Accounting Analyst IV
109,Archibald,Stelfox,astelfox30@blinklist.com,Male,Technical Writer
110,Leela,Artharg,lartharg31@weibo.com,Female,Staff Scientist
111,Jarib,Iskowicz,jiskowicz32@cdc.gov,Male,Safety Technician I
112,Elke,Parmeter,eparmeter33@trellian.com,Female,Dental Hygienist
113,Murray,Synnot,msynnot34@t.co,Male,Safety Technician III
114,Averyl,Vynall,avynall35@topsy.com,Female,Health Coach IV
115,Lishe,Mumbey,lmumbey36@merriam-webster.com,Genderfluid,Account Coordinator
116,Merl,Fintoph,mfintoph37@youku.com,Female,Database Administrator III
117,Emmye,Trays,etrays38@fc2.com,Female,Dental Hygienist
118,Natalina,Rudolfer,nrudolfer39@ezinearticles.com,Female,Human Resources Assistant III
119,Babara,Caulier,bcaulier3a@mlb.com,Bigender,Nuclear Power Engineer
120,Hugibert,Rolston,hrolston3b@forbes.com,Male,Administrative Assistant I
121,Louisa,Cords,lcords3c@baidu.com,Female,Office Assistant III
122,Fania,Mantripp,fmantripp3d@google.it,Female,Nurse Practicioner
123,Myrtle,Lemar,mlemar3e@scribd.com,Female,Pharmacist
124,Marjy,Ackerman,mackerman3f@wiley.com,Female,Mechanical Systems Engineer
125,Addy,Tansill,atansill3g@yahoo.com,Female,Geologist III
126,Bernette,Soughton,bsoughton3h@uol.com.br,Female,Sales Associate
127,Matthiew,Chrismas,mchrismas3i@addtoany.com,Male,Cost Accountant
128,Brewster,Damiata,bdamiata3j@youtu.be,Male,Chief Design Engineer
129,Leonidas,Magnus,lmagnus3k@furl.net,Male,Sales Representative
130,Artair,Tureville,atureville3l@surveymonkey.com,Male,Help Desk Operator
131,Eartha,Earie,eearie3m@google.com.br,Female,Help Desk Operator
132,Adler,Crayton,acrayton3n@gmpg.org,Agender,Compensation Analyst
133,Maureen,Tunn,mtunn3o@harvard.edu,Female,Compensation Analyst
134,Loy,Mapham,lmapham3p@drupal.org,Polygender,Geological Engineer
135,Esme,Tremellan,etremellan3q@omniture.com,Agender,Technical Writer
136,Cory,Rawdales,crawdales3r@istockphoto.com,Female,Project Manager
137,Natalina,Points,npoints3s@shareasale.com,Female,Geologist I
138,Irv,Milburne,imilburne3t@blogtalkradio.com,Male,Help Desk Technician
139,Enid,Spratley,espratley3u@opera.com,Female,Recruiting Manager
140,Fiorenze,Telford,ftelford3v@woothemes.com,Genderqueer,Nurse
141,Tildy,Matej,tmatej3w@ftc.gov,Female,Nuclear Power Engineer
142,Andre,Burcombe,aburcombe3x@bloomberg.com,Male,Financial Advisor
143,Emmy,Hearns,ehearns3y@sciencedaily.com,Female,Paralegal
144,Kellia,Korneichik,kkorneichik3z@umn.edu,Female,Recruiter
145,Emyle,Le Hucquet,elehucquet40@about.com,Female,Recruiter
146,Clevey,Lindmark,clindmark41@drupal.org,Male,Marketing Manager
147,Harman,Gilchrest,hgilchrest42@dagondesign.com,Male,Recruiter
148,Annemarie,Clout,aclout43@linkedin.com,Female,Engineer III
149,Bonnibelle,Birley,bbirley44@yellowpages.com,Female,Automation Specialist III
150,Tobi,Perello,tperello45@netvibes.com,Female,Sales Representative
151,Kellen,Swainson,kswainson46@businessinsider.com,Male,Computer Systems Analyst III
152,Cyrill,Kann,ckann47@cnn.com,Male,Director of Sales
153,Nikolai,Matt,nmatt48@about.com,Male,Health Coach III
154,Ozzie,Josiah,ojosiah49@nature.com,Male,Geologist II
155,Clayson,Kleuer,ckleuer4a@google.it,Male,Software Consultant
156,Chloette,Grinaway,cgrinaway4b@webs.com,Female,Electrical Engineer
157,Elton,MacAllister,emacallister4c@state.tx.us,Male,Senior Cost Accountant
158,Thorpe,Bernasek,tbernasek4d@geocities.com,Male,Administrative Officer
159,Ashlen,Aldhous,aaldhous4e@youtube.com,Polygender,Actuary
160,Issy,Skelhorne,iskelhorne4f@digg.com,Genderfluid,Nurse Practicioner
161,Ferdinand,Crusham,fcrusham4g@aboutads.info,Male,Recruiter
162,Tristan,Keaves,tkeaves4h@sakura.ne.jp,Non-binary,Administrative Assistant IV
163,Josh,Korpal,jkorpal4i@theglobeandmail.com,Male,Budget/Accounting Analyst III
164,Sorcha,Inett,sinett4j@guardian.co.uk,Female,Help Desk Operator
165,Berte,Gligorijevic,bgligorijevic4k@istockphoto.com,Female,Software Test Engineer II
166,Ferdinanda,Dunmore,fdunmore4l@shop-pro.jp,Female,Design Engineer
167,Roseline,Thurby,rthurby4m@arstechnica.com,Female,Geologist IV
168,Dewitt,Rudinger,drudinger4n@bluehost.com,Male,Marketing Manager
169,Dario,Meikle,dmeikle4o@paginegialle.it,Male,Statistician IV
170,Salli,Alan,salan4p@howstuffworks.com,Female,Registered Nurse
171,Forbes,Parvin,fparvin4q@prnewswire.com,Male,Product Engineer
172,Maxy,Giacaponi,mgiacaponi4r@jugem.jp,Male,Community Outreach Specialist
173,Ambrosio,Stonestreet,astonestreet4s@europa.eu,Male,Paralegal
174,Dorey,Potzold,dpotzold4t@posterous.com,Non-binary,Health Coach III
175,Tome,Dimmack,tdimmack4u@chronoengine.com,Non-binary,Civil Engineer
176,Urbanus,Sent,usent4v@arstechnica.com,Genderfluid,Nurse
177,Jeremy,Megroff,jmegroff4w@cbslocal.com,Male,Environmental Specialist
178,Olav,L' Anglois,olanglois4x@wisc.edu,Male,Programmer II
179,Gloriana,Culross,gculross4y@phoca.cz,Female,Environmental Specialist
180,Sunshine,Mattis,smattis4z@chron.com,Female,Financial Analyst
181,Lalo,Snarr,lsnarr50@umich.edu,Male,Media Manager IV
182,Doralia,Delgadillo,ddelgadillo51@over-blog.com,Non-binary,Analyst Programmer
183,Araldo,Still,astill52@github.com,Male,Financial Analyst
184,Grover,Geydon,ggeydon53@archive.org,Male,Account Executive
185,Katerina,Abdey,kabdey54@hud.gov,Female,Web Developer IV
186,Tanya,Euesden,teuesden55@cocolog-nifty.com,Female,Executive Secretary
187,Margaretta,Barcroft,mbarcroft56@histats.com,Female,Staff Scientist
188,Prue,Thoms,pthoms57@yellowbook.com,Non-binary,Speech Pathologist
189,Jedd,Scemp,jscemp58@mysql.com,Male,Software Engineer I
190,Mariya,Billings,mbillings59@google.co.uk,Female,Automation Specialist I
191,Levin,Sisland,lsisland5a@cbslocal.com,Male,Recruiting Manager
192,Michell,MacAindreis,mmacaindreis5b@mozilla.org,Female,Programmer III
193,Ezri,Tidbold,etidbold5c@t.co,Male,Engineer III
194,Wendall,Vanetti,wvanetti5d@trellian.com,Male,Media Manager III
195,Ned,Ricoald,nricoald5e@nbcnews.com,Male,Paralegal
196,Wittie,Oades,woades5f@ezinearticles.com,Male,Web Designer I
197,Steve,Moralis,smoralis5g@elpais.com,Male,GIS Technical Architect
198,Harland,Buse,hbuse5h@adobe.com,Male,Structural Analysis Engineer
199,Korey,Peasegood,kpeasegood5i@google.com.hk,Male,Structural Engineer
200,Elisabet,Flanigan,eflanigan5j@joomla.org,Female,Occupational Therapist
201,Ax,Kix,akix5k@yale.edu,Male,Automation Specialist I
202,Jacinta,Alentyev,jalentyev5l@cdbaby.com,Female,Administrative Assistant IV
203,Meade,Blackly,mblackly5m@ted.com,Female,Associate Professor
204,Wallas,Brik,wbrik5n@last.fm,Male,Web Designer I
205,Garek,Bolley,gbolley5o@cbc.ca,Male,Paralegal
206,Rori,Burditt,rburditt5p@nifty.com,Female,VP Product Management
207,Kizzie,Hayles,khayles5q@dyndns.org,Female,VP Accounting
208,Fawne,Ware,fware5r@reverbnation.com,Female,Associate Professor
209,Barnard,Perrelli,bperrelli5s@google.ca,Male,Recruiter
210,Beulah,Cleworth,bcleworth5t@sciencedaily.com,Agender,Data Coordinator
211,Jemima,Itchingham,jitchingham5u@t-online.de,Female,Account Executive
212,Theodore,Kemetz,tkemetz5v@drupal.org,Male,Quality Control Specialist
213,Bartie,Rogeon,brogeon5w@examiner.com,Male,Executive Secretary
214,Brody,Posse,bposse5x@vistaprint.com,Polygender,Internal Auditor
215,Viviene,Lohan,vlohan5y@xing.com,Female,Office Assistant III
216,Merci,Brent,mbrent5z@csmonitor.com,Female,Programmer Analyst III
217,Katharine,Izzett,kizzett60@google.es,Female,Mechanical Systems Engineer
218,Luce,Murrthum,lmurrthum61@examiner.com,Male,Statistician III
219,Tomasina,Benedidick,tbenedidick62@baidu.com,Female,Accountant IV
220,Cassandre,Corsan,ccorsan63@geocities.jp,Female,Dental Hygienist
221,Gerta,Sacher,gsacher64@slashdot.org,Female,Professor
222,Madelle,Eminson,meminson65@elpais.com,Female,Mechanical Systems Engineer
223,Shawn,Edgworth,sedgworth66@bing.com,Male,Account Coordinator
224,Vinnie,Godrich,vgodrich67@si.edu,Female,Database Administrator II
225,Benito,Corneljes,bcorneljes68@surveymonkey.com,Male,Physical Therapy Assistant
226,Dode,Sheara,dsheara69@cisco.com,Female,VP Marketing
227,Tabatha,Currm,tcurrm6a@123-reg.co.uk,Female,Product Engineer
228,Joyce,Phizakarley,jphizakarley6b@smugmug.com,Female,Marketing Manager
229,Sloane,Heppenspall,sheppenspall6c@sbwire.com,Male,Pharmacist
230,Gardy,Mulholland,gmulholland6d@smugmug.com,Male,Environmental Specialist
231,Jacquenetta,Lathey,jlathey6e@google.co.uk,Female,Programmer IV
232,Ervin,Klagge,eklagge6f@devhub.com,Male,Nuclear Power Engineer
233,Matthieu,Dowles,mdowles6g@blog.com,Male,Geological Engineer
234,Shellie,Shubotham,sshubotham6h@comcast.net,Female,VP Marketing
235,August,Reveland,areveland6i@gravatar.com,Male,Analyst Programmer
236,Marisa,Scheu,mscheu6j@webmd.com,Female,Pharmacist
237,Barrett,Batha,bbatha6k@bloglines.com,Male,Internal Auditor
238,Gerladina,Briers,gbriers6l@dailymail.co.uk,Female,Associate Professor
239,Bridget,Acheson,bacheson6m@marriott.com,Female,Payment Adjustment Coordinator
240,Terra,Markova,tmarkova6n@nsw.gov.au,Non-binary,Assistant Media Planner
241,Kelcie,Tevelov,ktevelov6o@yale.edu,Female,Community Outreach Specialist
242,Bebe,Pretley,bpretley6p@slate.com,Female,Pharmacist
243,Georgi,Gabbotts,ggabbotts6q@paypal.com,Male,Associate Professor
244,Rowland,Atwater,ratwater6r@cnn.com,Male,Administrative Assistant IV
245,Perice,Khidr,pkhidr6s@dedecms.com,Male,Systems Administrator I
246,Osbourne,Gynn,ogynn6t@usgs.gov,Male,Internal Auditor
247,Dov,Lauthian,dlauthian6u@spiegel.de,Male,Human Resources Assistant IV
248,Agnella,Trawin,atrawin6v@prnewswire.com,Female,Accounting Assistant I
249,Nanni,Orr,norr6w@adobe.com,Genderqueer,VP Accounting
250,Saudra,Ivashnyov,sivashnyov6x@aboutads.info,Non-binary,Software Engineer I
251,Jarvis,Bryenton,jbryenton6y@mtv.com,Male,Senior Cost Accountant
252,Etti,Lebbon,elebbon6z@prlog.org,Female,Information Systems Manager
253,Caresa,Aldridge,caldridge70@wordpress.org,Female,Product Engineer
254,Chelsey,Berrow,cberrow71@comsenz.com,Female,Project Manager
255,Wallace,Charter,wcharter72@booking.com,Male,VP Marketing
256,Mickie,Fuentes,mfuentes73@walmart.com,Female,Systems Administrator II
257,Tudor,Nowaczyk,tnowaczyk74@noaa.gov,Male,Senior Sales Associate
258,Lilllie,Sawford,lsawford75@github.com,Female,Cost Accountant
259,Fernande,Soall,fsoall76@csmonitor.com,Female,Geologist IV
260,Chiarra,Steuhlmeyer,csteuhlmeyer77@webnode.com,Female,Assistant Manager
261,Osmond,Piatkow,opiatkow78@elpais.com,Male,Computer Systems Analyst II
262,Rayner,Waszkiewicz,rwaszkiewicz79@blogtalkradio.com,Non-binary,General Manager
263,Harlin,Tumility,htumility7a@facebook.com,Male,Help Desk Operator
264,Johnna,Bellas,jbellas7b@go.com,Non-binary,Help Desk Operator
265,Renato,Pimme,rpimme7c@comcast.net,Male,Analog Circuit Design manager
266,Linzy,Earnshaw,learnshaw7d@wiley.com,Bigender,Pharmacist
267,Tamqrah,Gabits,tgabits7e@europa.eu,Female,Environmental Tech
268,Nonah,Kenefick,nkenefick7f@drupal.org,Female,Project Manager
269,Bettine,Wallentin,bwallentin7g@a8.net,Female,Help Desk Operator
270,Evan,Cowap,ecowap7h@1und1.de,Male,Nurse Practicioner
271,Erna,Warrington,ewarrington7i@slate.com,Female,Recruiter
272,Ranee,Coggell,rcoggell7j@sphinn.com,Female,Senior Cost Accountant
273,Etienne,Michie,emichie7k@theglobeandmail.com,Male,Quality Control Specialist
274,Annabelle,Valois,avalois7l@hp.com,Genderqueer,Librarian
275,Wynn,Kitteridge,wkitteridge7m@google.com,Male,Desktop Support Technician
276,Fidole,Hugues,fhugues7n@bandcamp.com,Male,Web Designer I
277,Raul,Dowers,rdowers7o@digg.com,Male,Accounting Assistant III
278,Horten,Todarello,htodarello7p@godaddy.com,Male,Teacher
279,Calvin,Sollam,csollam7q@hibu.com,Male,Clinical Specialist
280,Bryana,MacCarrane,bmaccarrane7r@hatena.ne.jp,Female,Occupational Therapist
281,Lottie,Klimkowski,lklimkowski7s@msn.com,Female,Account Representative IV
282,Maridel,Willets,mwillets7t@jiathis.com,Female,VP Sales
283,Ellswerth,Instock,einstock7u@state.gov,Male,Chief Design Engineer
284,Layla,Gibbe,lgibbe7v@aboutads.info,Genderfluid,Administrative Assistant IV
285,Cyndi,Winslow,cwinslow7w@rambler.ru,Bigender,Marketing Manager
286,Halsy,Etienne,hetienne7x@domainmarket.com,Male,Research Assistant III
287,Pedro,Hinsche,phinsche7y@icq.com,Male,Desktop Support Technician
288,Sonja,Nutley,snutley7z@unblog.fr,Female,Payment Adjustment Coordinator
289,Mateo,Vernau,mvernau80@pinterest.com,Male,VP Product Management
290,Rafael,Giabucci,rgiabucci81@cloudflare.com,Male,Senior Quality Engineer
291,Ragnar,Banishevitz,rbanishevitz82@macromedia.com,Male,Professor
292,Heindrick,Riggoll,hriggoll83@oakley.com,Male,Environmental Tech
293,Brantley,Bulgen,bbulgen84@mashable.com,Male,Developer IV
294,Berny,Pothergill,bpothergill85@stanford.edu,Polygender,GIS Technical Architect
295,Brinna,Saint,bsaint86@businessinsider.com,Female,Desktop Support Technician
296,Giordano,Capaldi,gcapaldi87@usgs.gov,Male,Executive Secretary
297,Isobel,Skedgell,iskedgell88@istockphoto.com,Female,Dental Hygienist
298,Orsola,Copplestone,ocopplestone89@webs.com,Female,Help Desk Technician
299,Stefania,Linturn,slinturn8a@t.co,Female,Assistant Manager
300,Carmella,Douthwaite,cdouthwaite8b@dell.com,Female,Quality Engineer
301,Herbie,Otridge,hotridge8c@paypal.com,Male,Sales Associate
302,Janice,Lashmore,jlashmore8d@businessweek.com,Female,VP Sales
303,Cassie,Jojic,cjojic8e@huffingtonpost.com,Female,Human Resources Assistant IV
304,Salim,Pavlata,spavlata8f@shop-pro.jp,Male,Geological Engineer
305,Royall,Wohlers,rwohlers8g@globo.com,Male,Director of Sales
306,Horace,Greenhough,hgreenhough8h@hatena.ne.jp,Male,Software Engineer IV
307,Kipper,Hedney,khedney8i@hatena.ne.jp,Agender,Community Outreach Specialist
308,Sayers,Trittam,strittam8j@oracle.com,Non-binary,Analyst Programmer
309,Evangelin,Klesl,eklesl8k@xing.com,Female,Legal Assistant
310,Iggie,Pay,ipay8l@census.gov,Male,VP Accounting
311,Tobit,Featherstone,tfeatherstone8m@home.pl,Male,Project Manager
312,Tuck,Ruusa,truusa8n@indiatimes.com,Male,Nurse Practicioner
313,Kenneth,Yanuk,kyanuk8o@patch.com,Male,Developer IV
314,Reggie,Booth-Jarvis,rboothjarvis8p@google.com.au,Female,Recruiter
315,Ive,De Marchi,idemarchi8q@ebay.com,Male,Compensation Analyst
316,Tad,Bonwick,tbonwick8r@salon.com,Male,Marketing Assistant
317,Gawain,Slany,gslany8s@alibaba.com,Male,Media Manager IV
318,Claybourne,Oldacre,coldacre8t@xinhuanet.com,Male,Human Resources Manager
319,Petra,Beardon,pbeardon8u@stumbleupon.com,Female,Data Coordinator
320,Gregory,McCurt,gmccurt8v@1und1.de,Male,Web Developer I
321,Grantham,Zimmermanns,gzimmermanns8w@nymag.com,Male,Senior Financial Analyst
322,Conrade,Riggulsford,criggulsford8x@seattletimes.com,Male,Junior Executive
323,Dianna,Ludlamme,dludlamme8y@cargocollective.com,Female,Programmer Analyst III
324,Mikol,Shackleford,mshackleford8z@amazon.co.uk,Male,Senior Financial Analyst
325,Warden,Vasilyonok,wvasilyonok90@geocities.com,Male,Safety Technician IV
326,Alvis,Hallgath,ahallgath91@barnesandnoble.com,Male,Assistant Professor
327,Annabell,Dumelow,adumelow92@de.vu,Female,Sales Representative
328,Nial,Slidders,nslidders93@bloomberg.com,Male,Tax Accountant
329,Valentin,Youngman,vyoungman94@dell.com,Male,Librarian
330,Caritta,Fawdrie,cfawdrie95@domainmarket.com,Female,Dental Hygienist
331,Olivette,Assard,oassard96@cbslocal.com,Female,Associate Professor
332,Bendicty,Bamford,bbamford97@cloudflare.com,Male,Administrative Assistant II
333,Gerome,Keeltagh,gkeeltagh98@webeden.co.uk,Male,Software Engineer III
334,Yulma,Flieg,yflieg99@princeton.edu,Male,Administrative Assistant I
335,Janek,Ceeley,jceeley9a@samsung.com,Non-binary,Internal Auditor
336,Justin,Whiteson,jwhiteson9b@nbcnews.com,Male,Compensation Analyst
337,Roosevelt,Lambswood,rlambswood9c@auda.org.au,Male,Accounting Assistant IV
338,Ingamar,Dearden,idearden9d@businessinsider.com,Male,Business Systems Development Analyst
339,Robyn,Christopherson,rchristopherson9e@nhs.uk,Female,Graphic Designer
340,Gussi,Noades,gnoades9f@theguardian.com,Female,Product Engineer
341,Kerrie,Surfleet,ksurfleet9g@ovh.net,Female,Assistant Manager
342,Antonetta,Gaitskill,agaitskill9h@disqus.com,Female,VP Sales
343,Ansel,Stegel,astegel9i@nps.gov,Male,Web Designer II
344,Charley,Chamney,cchamney9j@privacy.gov.au,Male,Environmental Specialist
345,Stuart,Middleweek,smiddleweek9k@wordpress.com,Male,Editor
346,Trix,Klemps,tklemps9l@hp.com,Female,Civil Engineer
347,Christiana,Hardie,chardie9m@angelfire.com,Female,Dental Hygienist
348,Hamil,Kissick,hkissick9n@senate.gov,Male,Budget/Accounting Analyst I
349,Arin,Danbi,adanbi9o@answers.com,Male,Editor
350,Josiah,Castanie,jcastanie9p@upenn.edu,Male,Biostatistician I
351,Nixie,Pedrol,npedrol9q@elegantthemes.com,Female,Senior Developer
352,Pen,Macartney,pmacartney9r@weebly.com,Male,Health Coach III
353,Damon,Bytheway,dbytheway9s@google.com.hk,Male,Accountant IV
354,Putnam,Goldie,pgoldie9t@pcworld.com,Male,Human Resources Assistant II
355,Lavena,Seccombe,lseccombe9u@printfriendly.com,Female,Developer II
356,Susette,Schutze,sschutze9v@gov.uk,Female,Account Executive
357,Izzy,Fassan,ifassan9w@webmd.com,Male,Administrative Officer
358,Vi,Balnaves,vbalnaves9x@wired.com,Female,Recruiting Manager
359,Arnuad,Leaning,aleaning9y@newyorker.com,Male,Software Consultant
360,Eleanor,Bonome,ebonome9z@amazonaws.com,Female,Media Manager I
361,Riannon,Joinson,rjoinsona0@miitbeian.gov.cn,Female,Programmer III
362,Josephina,Pascho,jpaschoa1@ebay.co.uk,Female,Design Engineer
363,Lucius,Chasemoore,lchasemoorea2@discuz.net,Male,Nuclear Power Engineer
364,Antonino,Tisun,atisuna3@usgs.gov,Male,Professor
365,Sharia,Abendroth,sabendrotha4@forbes.com,Female,Systems Administrator IV
366,Heriberto,Wemyss,hwemyssa5@phpbb.com,Male,Technical Writer
367,Brade,Barwell,bbarwella6@ucsd.edu,Male,Chemical Engineer
368,Robenia,Rhodus,rrhodusa7@sakura.ne.jp,Female,Help Desk Operator
369,Adrien,Wheildon,awheildona8@biglobe.ne.jp,Male,Quality Engineer
370,Boyd,Bill,bbilla9@comcast.net,Male,Software Consultant
371,Pansie,Munns,pmunnsaa@wikipedia.org,Female,Community Outreach Specialist
372,Del,Elward,delwardab@domainmarket.com,Male,Web Developer IV
373,Hazel,Stanlack,hstanlackac@census.gov,Male,Analog Circuit Design manager
374,Sherwynd,Vasin,svasinad@edublogs.org,Male,Legal Assistant
375,Hilario,Hizir,hhizirae@fc2.com,Male,Structural Analysis Engineer
376,Lynda,Viveash,lviveashaf@addthis.com,Female,Data Coordinator
377,Lauritz,Wainman,lwainmanag@goo.gl,Male,General Manager
378,Benson,Laxe,blaxeah@barnesandnoble.com,Male,Account Executive
379,Tucker,Duffie,tduffieai@who.int,Male,Director of Sales
380,Malachi,Twizell,mtwizellaj@webeden.co.uk,Male,Software Consultant
381,Cecilla,Minot,cminotak@deliciousdays.com,Female,Web Designer IV
382,Adore,Skarman,askarmanal@networkadvertising.org,Female,VP Sales
383,Berty,Rydeard,brydeardam@123-reg.co.uk,Male,General Manager
384,Eddy,Vaun,evaunan@blogger.com,Female,Account Representative III
385,Sallyann,Hurtic,shurticao@theglobeandmail.com,Female,Accounting Assistant III
386,Clevie,Okill,cokillap@bing.com,Male,VP Sales
387,Theadora,Kirkam,tkirkamaq@spiegel.de,Female,Junior Executive
388,Roosevelt,Gashion,rgashionar@51.la,Male,Civil Engineer
389,Homer,Tudge,htudgeas@printfriendly.com,Male,Associate Professor
390,Maddi,Lusher,mlusherat@mtv.com,Female,Actuary
391,Corabel,Tutchener,ctutchenerau@umn.edu,Female,Structural Engineer
392,Rivi,Mance,rmanceav@biglobe.ne.jp,Female,Analog Circuit Design manager
393,Vern,McCudden,vmccuddenaw@php.net,Male,Analog Circuit Design manager
394,Marcellina,Gregoratti,mgregorattiax@123-reg.co.uk,Female,Executive Secretary
395,Leigh,Armell,larmellay@delicious.com,Female,Biostatistician IV
396,Jade,Chad,jchadaz@admin.ch,Female,Professor
397,Galen,Gilchriest,ggilchriestb0@comcast.net,Male,Developer IV
398,Lindsey,MacAdam,lmacadamb1@cloudflare.com,Male,Social Worker
399,Avram,Kleinsmuntz,akleinsmuntzb2@accuweather.com,Male,Operator
400,Abdel,Flewan,aflewanb3@hhs.gov,Male,Quality Control Specialist
401,Druci,Cockney,dcockneyb4@icq.com,Female,Accounting Assistant III
402,Nikolos,Fleg,nflegb5@squidoo.com,Male,Environmental Specialist
403,Stanford,Fearns,sfearnsb6@dagondesign.com,Male,Geological Engineer
404,Eddie,Gainsborough,egainsboroughb7@alexa.com,Male,Biostatistician III
405,Sarette,Jandourek,sjandourekb8@themeforest.net,Female,Legal Assistant
406,Adolpho,Gautrey,agautreyb9@washington.edu,Male,Speech Pathologist
407,Arnuad,Wreath,awreathba@soup.io,Male,VP Sales
408,Bald,Rollinson,brollinsonbb@dropbox.com,Male,Help Desk Operator
409,Joana,Coling,jcolingbc@blogspot.com,Female,Biostatistician I
410,Glory,Race,gracebd@themeforest.net,Polygender,Account Coordinator
411,Sigfrid,Northern,snorthernbe@homestead.com,Male,Health Coach III
412,Gisela,Blaxland,gblaxlandbf@intel.com,Female,Civil Engineer
413,Jasmin,Duffit,jduffitbg@techcrunch.com,Female,Assistant Manager
414,Rory,Haile,rhailebh@fc2.com,Female,Health Coach II
415,Harriott,Adne,hadnebi@shutterfly.com,Female,Librarian
416,Jerry,Giannazzi,jgiannazzibj@friendfeed.com,Female,Payment Adjustment Coordinator
417,Fairlie,Benner,fbennerbk@edublogs.org,Male,Research Assistant IV
418,Beniamino,Baine,bbainebl@goodreads.com,Male,Chief Design Engineer
419,Ritchie,Brimelow,rbrimelowbm@illinois.edu,Genderfluid,Speech Pathologist
420,Tonya,Jaquemar,tjaquemarbn@amazon.de,Non-binary,Data Coordinator
421,Arlene,Epsly,aepslybo@spotify.com,Female,VP Sales
422,Stefan,Doore,sdoorebp@jalbum.net,Male,Electrical Engineer
423,Andreas,Crocombe,acrocombebq@ihg.com,Male,Actuary
424,Nobe,Jewel,njewelbr@feedburner.com,Male,Database Administrator IV
425,Vincents,Smooth,vsmoothbs@ifeng.com,Male,Teacher
426,Chen,Di Maria,cdimariabt@tumblr.com,Male,Financial Analyst
427,Ephraim,Jimson,ejimsonbu@networkadvertising.org,Male,Paralegal
428,Claudell,Wingatt,cwingattbv@un.org,Male,Food Chemist
429,Nester,Alsobrook,nalsobrookbw@marriott.com,Male,Staff Accountant IV
430,Lynna,Bardell,lbardellbx@cnet.com,Female,Data Coordinator
431,Annis,Danslow,adanslowby@ebay.com,Female,Database Administrator IV
432,Mel,Butchart,mbutchartbz@dell.com,Female,Senior Financial Analyst
433,Berne,Paggitt,bpaggittc0@wikia.com,Genderqueer,Statistician IV
434,Carena,Landreth,clandrethc1@histats.com,Female,Media Manager II
435,Andra,Edmeades,aedmeadesc2@vk.com,Female,Social Worker
436,Patric,McCauley,pmccauleyc3@icio.us,Male,Clinical Specialist
437,Sibyl,Seaborne,sseabornec4@addthis.com,Genderfluid,Social Worker
438,Jeremy,Gopsill,jgopsillc5@sohu.com,Male,Help Desk Technician
439,Biron,Sabater,bsabaterc6@miitbeian.gov.cn,Male,Chief Design Engineer
440,Darnall,Djordjevic,ddjordjevicc7@economist.com,Male,Health Coach II
441,Bev,Welbelove,bwelbelovec8@ucoz.ru,Female,Quality Control Specialist
442,Meggy,Vaulkhard,mvaulkhardc9@virginia.edu,Female,Clinical Specialist
443,Bobine,Kix,bkixca@nydailynews.com,Female,Design Engineer
444,Bary,Merwe,bmerwecb@tinyurl.com,Male,Analyst Programmer
445,Alan,Goodright,agoodrightcc@pinterest.com,Male,Registered Nurse
446,Maryjane,Loughlan,mloughlancd@gov.uk,Female,Budget/Accounting Analyst I
447,Filia,Mawne,fmawnece@usatoday.com,Female,Design Engineer
448,Willem,Endrici,wendricicf@sogou.com,Male,Clinical Specialist
449,Claudianus,Pinke,cpinkecg@cbsnews.com,Male,Chemical Engineer
450,Pollyanna,Crippill,pcrippillch@sfgate.com,Female,Pharmacist
451,Joe,Switland,jswitlandci@dot.gov,Male,Senior Quality Engineer
452,Kaile,Allflatt,kallflattcj@mozilla.org,Female,Speech Pathologist
453,Harlene,M'Barron,hmbarronck@xrea.com,Female,Clinical Specialist
454,Poppy,Phinnessy,pphinnessycl@xinhuanet.com,Female,Business Systems Development Analyst
455,Ashlee,Fairall,afairallcm@dot.gov,Bigender,Professor
456,Merrel,Bartleet,mbartleetcn@liveinternet.ru,Male,Pharmacist
457,Garth,Stiffkins,gstiffkinsco@salon.com,Male,Developer II
458,Felicity,Jenk,fjenkcp@soup.io,Female,Health Coach II
459,Laura,McTavish,lmctavishcq@phpbb.com,Female,Physical Therapy Assistant
460,Sebastian,Longridge,slongridgecr@oracle.com,Male,Nurse
461,Hilly,Plewes,hplewescs@bbc.co.uk,Non-binary,Nurse
462,Ignace,Migheli,imighelict@taobao.com,Polygender,Director of Sales
463,Adelaide,Paoletti,apaoletticu@hc360.com,Female,Analog Circuit Design manager
464,Suellen,Lythgoe,slythgoecv@google.nl,Female,Business Systems Development Analyst
465,Heddi,Jopson,hjopsoncw@vimeo.com,Female,Cost Accountant
466,Dehlia,McLoney,dmcloneycx@themeforest.net,Female,Professor
467,Danyette,Sproat,dsproatcy@va.gov,Female,Data Coordinator
468,Ivette,Devall,idevallcz@guardian.co.uk,Female,Data Coordinator
469,Clint,Derobert,cderobertd0@sun.com,Male,Desktop Support Technician
470,Oran,Kiley,okileyd1@nps.gov,Male,Editor
471,Reuben,Delamar,rdelamard2@oakley.com,Male,Social Worker
472,Billie,Fuggles,bfugglesd3@jimdo.com,Female,Payment Adjustment Coordinator
473,Darlene,Momford,dmomfordd4@gnu.org,Female,Software Test Engineer II
474,Cristiano,Addekin,caddekind5@ed.gov,Male,Quality Control Specialist
475,Jelene,Itzakson,jitzaksond6@smh.com.au,Female,Account Executive
476,Marchall,Daintith,mdaintithd7@tamu.edu,Male,Structural Engineer
477,Reine,Antowski,rantowskid8@wired.com,Female,Financial Advisor
478,Ashley,Dovey,adoveyd9@dyndns.org,Male,Recruiter
479,Agatha,Wadley,awadleyda@stumbleupon.com,Female,Electrical Engineer
480,Brantley,Hamon,bhamondb@ocn.ne.jp,Male,Assistant Manager
481,Addi,Piell,apielldc@mapquest.com,Female,Product Engineer
482,Pepe,Hartshorn,phartshorndd@cornell.edu,Genderqueer,Nuclear Power Engineer
483,Kermy,Ridwood,kridwoodde@hugedomains.com,Male,Speech Pathologist
484,Valaria,Ouldred,vouldreddf@economist.com,Female,Executive Secretary
485,Gibbie,Mathwin,gmathwindg@sun.com,Male,Automation Specialist IV
486,Garner,Beacom,gbeacomdh@cdbaby.com,Male,Web Designer II
487,Humfried,Sydry,hsydrydi@home.pl,Male,Design Engineer
488,Nils,Fer,nferdj@naver.com,Male,Geological Engineer
489,Barnie,Dowtry,bdowtrydk@reddit.com,Male,Business Systems Development Analyst
490,Lazar,Hambers,lhambersdl@harvard.edu,Male,Payment Adjustment Coordinator
491,Hurlee,Farrar,hfarrardm@vistaprint.com,Agender,Office Assistant IV
492,Avigdor,Marquand,amarquanddn@squarespace.com,Male,Social Worker
493,Theo,Gorries,tgorriesdo@deliciousdays.com,Female,Human Resources Assistant IV
494,Jourdain,Buessen,jbuessendp@moonfruit.com,Male,Paralegal
495,Albert,Brinsford,abrinsforddq@pcworld.com,Male,Programmer III
496,Nita,Parramore,nparramoredr@hp.com,Female,Research Assistant I
497,Joyann,Temprell,jtemprellds@ameblo.jp,Female,Staff Scientist
498,Allix,Milroy,amilroydt@netlog.com,Agender,Geological Engineer
499,Gray,Kuller,gkullerdu@google.co.uk,Female,Budget/Accounting Analyst II
500,Judy,Wisden,jwisdendv@mashable.com,Female,Quality Engineer
501,Clerkclaude,Alibone,calibonedw@guardian.co.uk,Male,Project Manager
502,Trescha,Speller,tspellerdx@jigsy.com,Female,Senior Developer
503,Eb,Gatesman,egatesmandy@elegantthemes.com,Male,Executive Secretary
504,Thayne,Batkin,tbatkindz@ucsd.edu,Male,Senior Quality Engineer
505,Neala,Stopforth,nstopforthe0@networksolutions.com,Female,Design Engineer
506,Muriel,Akast,makaste1@com.com,Female,Accounting Assistant II
507,Bambie,Umbert,bumberte2@icio.us,Female,Automation Specialist IV
508,Friedrick,Cottey,fcotteye3@jigsy.com,Male,Editor
509,Raffaello,Packman,rpackmane4@seattletimes.com,Male,Chief Design Engineer
510,Greta,Deveril,gdeverile5@illinois.edu,Female,Biostatistician II
511,Giffard,Domaschke,gdomaschkee6@tamu.edu,Male,Project Manager
512,Babette,Cleiment,bcleimente7@cam.ac.uk,Female,Junior Executive
513,Trstram,Tanzer,ttanzere8@nhs.uk,Male,Payment Adjustment Coordinator
514,Hughie,Yakovliv,hyakovlive9@cnn.com,Male,Nurse
515,Kaila,Rawles,krawlesea@dyndns.org,Female,Business Systems Development Analyst
516,Florina,Orvis,forviseb@scientificamerican.com,Female,Internal Auditor
517,Anastasie,Skala,askalaec@slate.com,Female,Marketing Assistant
518,Haze,Sherr,hsherred@barnesandnoble.com,Male,VP Quality Control
519,Isadore,Gilhool,igilhoolee@ycombinator.com,Male,Accounting Assistant III
520,Katharyn,Habard,khabardef@forbes.com,Female,Safety Technician II
521,Inigo,Rickards,irickardseg@bloglovin.com,Male,Software Consultant
522,Lulita,Bass,lbasseh@sciencedaily.com,Female,Senior Quality Engineer
523,Ramon,Pristnor,rpristnorei@senate.gov,Non-binary,Account Representative IV
524,Ilyse,Illyes,iillyesej@yellowpages.com,Female,VP Product Management
525,Val,Gosalvez,vgosalvezek@house.gov,Male,Computer Systems Analyst II
526,Brinna,Dearman,bdearmanel@ycombinator.com,Female,Occupational Therapist
527,Van,Farran,vfarranem@alibaba.com,Agender,Research Assistant I
528,Waldo,Durnall,wdurnallen@tinyurl.com,Male,Community Outreach Specialist
529,Teodoor,Escott,tescotteo@yandex.ru,Male,Help Desk Operator
530,Cordey,Mantrip,cmantripep@parallels.com,Female,Systems Administrator IV
531,Shayne,Franek,sfranekeq@buzzfeed.com,Male,Associate Professor
532,Jennee,Kleinert,jkleinerter@bizjournals.com,Female,Accountant III
533,Sylas,Attwoull,sattwoulles@zimbio.com,Bigender,Technical Writer
534,Ardine,Lukas,alukaset@cocolog-nifty.com,Female,Safety Technician I
535,Lucina,Grishankov,lgrishankoveu@gizmodo.com,Female,Actuary
536,Chrissie,Ortelt,corteltev@vistaprint.com,Female,Occupational Therapist
537,Cirillo,De Bruijn,cdebruijnew@google.com.hk,Male,Graphic Designer
538,Layne,Stannering,lstanneringex@mail.ru,Female,General Manager
539,Berti,Chmarny,bchmarnyey@nbcnews.com,Female,Compensation Analyst
540,Rowena,Jackling,rjacklingez@china.com.cn,Genderfluid,Administrative Assistant II
541,Daryl,Clouter,dclouterf0@patch.com,Female,Financial Analyst
542,Melitta,Turk,mturkf1@hugedomains.com,Polygender,GIS Technical Architect
543,Jack,Skeermor,jskeermorf2@ocn.ne.jp,Male,Budget/Accounting Analyst IV
544,Fawnia,Joyner,fjoynerf3@alexa.com,Female,Programmer Analyst I
545,Vonnie,Persse,vperssef4@ibm.com,Female,Web Developer I
546,Jessamyn,Petrazzi,jpetrazzif5@studiopress.com,Female,Nuclear Power Engineer
547,Morton,Denne,mdennef6@alibaba.com,Male,Automation Specialist III
548,Caritta,Scola,cscolaf7@clickbank.net,Female,Business Systems Development Analyst
549,Fremont,Halmkin,fhalmkinf8@i2i.jp,Male,Research Nurse
550,Josh,Tommasuzzi,jtommasuzzif9@devhub.com,Male,Project Manager
551,Lonny,Boreland,lborelandfa@oracle.com,Male,Nurse Practicioner
552,Niven,Riccardini,nriccardinifb@de.vu,Male,Assistant Media Planner
553,Peyton,Winnister,pwinnisterfc@so-net.ne.jp,Male,VP Quality Control
554,Rudyard,Burwin,rburwinfd@yellowbook.com,Male,Sales Associate
555,Eleanore,Barnby,ebarnbyfe@sphinn.com,Female,Safety Technician I
556,Talyah,Hedling,thedlingff@icio.us,Female,Associate Professor
557,Sherill,Schroder,sschroderfg@amazon.de,Female,Structural Engineer
558,Carin,Duffan,cduffanfh@imgur.com,Female,Financial Analyst
559,Yorker,Camplin,ycamplinfi@over-blog.com,Polygender,Database Administrator IV
560,Colver,Leason,cleasonfj@vkontakte.ru,Male,Compensation Analyst
561,Betti,Saket,bsaketfk@hibu.com,Female,Financial Analyst
562,Brianna,Godridge,bgodridgefl@joomla.org,Female,Legal Assistant
563,Rhett,Kirman,rkirmanfm@npr.org,Male,Senior Sales Associate
564,Dionne,Balle,dballefn@umn.edu,Female,Assistant Media Planner
565,Olivier,Buddell,obuddellfo@forbes.com,Male,Nuclear Power Engineer
566,Cybil,De Hooge,cdehoogefp@sakura.ne.jp,Female,Chemical Engineer
567,Bernard,Notman,bnotmanfq@unblog.fr,Male,Software Engineer II
568,Lebbie,Cringle,lcringlefr@ehow.com,Polygender,VP Accounting
569,Sephira,Fitzsimon,sfitzsimonfs@comsenz.com,Female,Software Engineer III
570,Erhart,Ingre,eingreft@tamu.edu,Male,Information Systems Manager
571,Mirelle,Skones,mskonesfu@usda.gov,Female,Civil Engineer
572,Amalea,Bargh,abarghfv@ox.ac.uk,Female,Assistant Media Planner
573,Rosene,Rawnsley,rrawnsleyfw@jalbum.net,Female,Human Resources Assistant III
574,Elia,Joscelyne,ejoscelynefx@myspace.com,Male,Office Assistant III
575,Nappy,Towne,ntownefy@miibeian.gov.cn,Male,GIS Technical Architect
576,Glen,Hoggetts,ghoggettsfz@unicef.org,Female,Senior Financial Analyst
577,Arabel,Ruggs,aruggsg0@deviantart.com,Female,Internal Auditor
578,Duky,Breeds,dbreedsg1@businessinsider.com,Male,Senior Cost Accountant
579,Eleen,Vasyaev,evasyaevg2@slate.com,Female,Geological Engineer
580,Veronika,Southern,vsoutherng3@youtu.be,Bigender,Financial Analyst
581,Daryn,Biernat,dbiernatg4@buzzfeed.com,Female,Community Outreach Specialist
582,Sauveur,Exposito,sexpositog5@cornell.edu,Male,Food Chemist
583,Rutger,Primarolo,rprimarolog6@live.com,Male,Assistant Manager
584,Darcee,Jager,djagerg7@about.me,Agender,Librarian
585,Brian,Sindall,bsindallg8@devhub.com,Male,Analyst Programmer
586,Patricio,Swain,pswaing9@zdnet.com,Male,Senior Quality Engineer
587,Tamar,Franzoli,tfranzoliga@mashable.com,Female,Senior Cost Accountant
588,Edie,Moraleda,emoraledagb@rambler.ru,Female,Director of Sales
589,Lois,Raikes,lraikesgc@businessinsider.com,Bigender,Web Designer IV
590,Sullivan,Shingfield,sshingfieldgd@abc.net.au,Male,Software Consultant
591,Luke,Emanueli,lemanuelige@yahoo.co.jp,Male,Research Assistant IV
592,Bethanne,MacBean,bmacbeangf@lycos.com,Female,VP Marketing
593,Elana,Hopfer,ehopfergg@tinypic.com,Female,Account Coordinator
594,Rica,Rollo,rrollogh@craigslist.org,Female,Nurse Practicioner
595,Alvie,De Brett,adebrettgi@apache.org,Male,VP Marketing
596,Tommie,Speeding,tspeedinggj@dmoz.org,Male,Professor
597,Mead,Copelli,mcopelligk@fotki.com,Female,Budget/Accounting Analyst III
598,Bing,Swettenham,bswettenhamgl@pen.io,Male,Marketing Assistant
599,Simone,Frizell,sfrizellgm@topsy.com,Female,Physical Therapy Assistant
600,Rianon,Fellnee,rfellneegn@soundcloud.com,Female,Sales Associate
601,Jinny,Birkmyre,jbirkmyrego@tripadvisor.com,Female,Account Representative II
602,Gaven,Hinemoor,ghinemoorgp@fc2.com,Male,Systems Administrator II
603,Manfred,Higgoe,mhiggoegq@vk.com,Male,Accounting Assistant I
604,Marven,Klosges,mklosgesgr@princeton.edu,Male,Teacher
605,Kipp,Twiname,ktwinamegs@webnode.com,Female,Accounting Assistant III
606,Sherwood,Kimbley,skimbleygt@simplemachines.org,Male,Help Desk Technician
607,Fairlie,Donnett,fdonnettgu@i2i.jp,Male,VP Sales
608,Osbourne,Cornelius,ocorneliusgv@imgur.com,Male,Librarian
609,Randolf,Chapell,rchapellgw@aboutads.info,Male,Geologist III
610,Bertine,Moyer,bmoyergx@nydailynews.com,Female,Office Assistant II
611,Karim,Thunnercliffe,kthunnercliffegy@biblegateway.com,Male,Office Assistant II
612,Anthiathia,Withnall,awithnallgz@studiopress.com,Female,Quality Control Specialist
613,Tandy,Cozens,tcozensh0@abc.net.au,Female,Research Nurse
614,Alix,Gantz,agantzh1@diigo.com,Male,Recruiting Manager
615,Kelby,Willoway,kwillowayh2@bluehost.com,Male,Chief Design Engineer
616,Michaeline,Clayhill,mclayhillh3@behance.net,Female,Accountant III
617,Violante,McGarrell,vmcgarrellh4@blogtalkradio.com,Female,Analyst Programmer
618,Batholomew,Snowball,bsnowballh5@about.com,Male,Dental Hygienist
619,Ned,Mottershaw,nmottershawh6@bluehost.com,Genderfluid,Senior Quality Engineer
620,Boot,Kemm,bkemmh7@dropbox.com,Male,Structural Engineer
621,Xymenes,Ferrone,xferroneh8@reuters.com,Male,Help Desk Operator
622,Cora,Faichney,cfaichneyh9@japanpost.jp,Female,Quality Control Specialist
623,Hattie,Gaddie,hgaddieha@gizmodo.com,Female,Automation Specialist II
624,Patty,Planke,pplankehb@cloudflare.com,Female,Technical Writer
625,Blake,Minget,bmingethc@sohu.com,Female,Quality Control Specialist
626,Cole,Nand,cnandhd@sbwire.com,Male,Human Resources Manager
627,Karlis,Vevers,kvevershe@google.es,Male,Geologist IV
628,Delbert,Castano,dcastanohf@samsung.com,Male,Librarian
629,Terrill,Nolte,tnoltehg@sina.com.cn,Male,Engineer III
630,Gifford,Dikle,gdiklehh@baidu.com,Male,Systems Administrator IV
631,Khalil,Tinline,ktinlinehi@yahoo.com,Male,Business Systems Development Analyst
632,Linea,Sirl,lsirlhj@mozilla.com,Female,Human Resources Assistant II
633,Adrea,Durber,adurberhk@npr.org,Female,Budget/Accounting Analyst II
634,Barthel,Creamer,bcreamerhl@prlog.org,Male,Executive Secretary
635,Elisha,Buie,ebuiehm@unc.edu,Male,Compensation Analyst
636,Cornell,Dunne,cdunnehn@patch.com,Male,Accountant I
637,Krysta,Broscombe,kbroscombeho@sohu.com,Female,Media Manager IV
638,Westbrooke,Hearfield,whearfieldhp@phoca.cz,Male,Media Manager I
639,Holly-anne,Surman-Wells,hsurmanwellshq@dion.ne.jp,Female,VP Accounting
640,Hatty,Simonelli,hsimonellihr@qq.com,Female,Paralegal
641,Stevy,Budgeon,sbudgeonhs@wikimedia.org,Male,Professor
642,Toby,Standing,tstandinght@princeton.edu,Agender,Dental Hygienist
643,Dione,Cathro,dcathrohu@reddit.com,Female,Web Designer III
644,Millard,Scales,mscaleshv@berkeley.edu,Male,Data Coordinator
645,Mercedes,Senecaut,msenecauthw@dot.gov,Female,Graphic Designer
646,Alex,Tebbitt,atebbitthx@ocn.ne.jp,Female,Civil Engineer
647,Gilberte,Serjent,gserjenthy@craigslist.org,Female,Executive Secretary
648,Gregorio,Ewert,gewerthz@shop-pro.jp,Male,Mechanical Systems Engineer
649,Evelina,Rought,eroughti0@hostgator.com,Genderqueer,Mechanical Systems Engineer
650,Nevile,Hankin,nhankini1@bigcartel.com,Male,Financial Advisor
651,Corena,Ivetts,civettsi2@amazon.com,Female,Nuclear Power Engineer
652,Lina,McGooch,lmcgoochi3@feedburner.com,Female,Environmental Specialist
653,Frasco,Spriggs,fspriggsi4@storify.com,Male,Junior Executive
654,Eldin,Brood,ebroodi5@jiathis.com,Male,Statistician I
655,Debby,Keningley,dkeningleyi6@berkeley.edu,Agender,Staff Scientist
656,Mick,Eyree,meyreei7@google.com.hk,Male,Structural Analysis Engineer
657,Josephine,Goodenough,jgoodenoughi8@is.gd,Agender,Web Designer II
658,Dew,Burkinshaw,dburkinshawi9@slate.com,Male,Director of Sales
659,Luella,Alven,lalvenia@nhs.uk,Female,Director of Sales
660,Miles,Rummings,mrummingsib@usda.gov,Male,Staff Scientist
661,Cherida,Casperri,ccasperriic@privacy.gov.au,Female,Occupational Therapist
662,Amye,McGinnell,amcginnellid@ucoz.com,Female,Recruiting Manager
663,Kippar,Husthwaite,khusthwaiteie@baidu.com,Male,General Manager
664,Dulcine,Kearton,dkeartonif@surveymonkey.com,Non-binary,Accountant II
665,Vida,Sibley,vsibleyig@blog.com,Female,Nuclear Power Engineer
666,Tim,Vye,tvyeih@seattletimes.com,Female,Teacher
667,Karalee,Meredith,kmeredithii@microsoft.com,Female,Nurse Practicioner
668,Gale,Wontner,gwontnerij@sciencedaily.com,Female,Software Test Engineer I
669,Kevin,Care,kcareik@va.gov,Male,Legal Assistant
670,Leonora,Stubbings,lstubbingsil@deviantart.com,Female,Junior Executive
671,Gwyneth,Beatey,gbeateyim@myspace.com,Female,Programmer Analyst II
672,Reginauld,Webermann,rwebermannin@theglobeandmail.com,Male,Clinical Specialist
673,Ronna,Merrilees,rmerrileesio@gmpg.org,Female,Financial Analyst
674,Clemens,Isted,cistedip@google.com.br,Male,Statistician II
675,Hersch,Magauran,hmagauraniq@java.com,Male,VP Product Management
676,Tony,Painswick,tpainswickir@usda.gov,Male,Operator
677,Damon,Duns,ddunsis@macromedia.com,Male,Administrative Assistant II
678,Sigismund,Talby,stalbyit@creativecommons.org,Male,Actuary
679,Rees,Beseke,rbesekeiu@shop-pro.jp,Male,Recruiting Manager
680,Tedmund,Churchley,tchurchleyiv@cnbc.com,Male,Software Test Engineer III
681,Quintilla,Hirche,qhircheiw@live.com,Female,Chief Design Engineer
682,Patrizius,Arnholtz,parnholtzix@trellian.com,Male,Engineer II
683,Val,Dilleway,vdillewayiy@google.ru,Male,Geologist IV
684,Reeva,Gotts,rgottsiz@cpanel.net,Female,Structural Engineer
685,Bucky,MacAlinden,bmacalindenj0@qq.com,Male,Biostatistician I
686,Sharyl,Yon,syonj1@webeden.co.uk,Female,Nurse Practicioner
687,Alfie,Saurin,asaurinj2@angelfire.com,Female,Civil Engineer
688,Winston,Leades,wleadesj3@oaic.gov.au,Male,VP Product Management
689,Jude,Clist,jclistj4@nymag.com,Male,Food Chemist
690,Linda,Youngman,lyoungmanj5@sphinn.com,Female,General Manager
691,Maryanne,Logie,mlogiej6@i2i.jp,Female,Budget/Accounting Analyst I
692,Steve,Potbury,spotburyj7@issuu.com,Male,Senior Quality Engineer
693,Bartolemo,Durnell,bdurnellj8@xinhuanet.com,Male,Account Executive
694,Salvatore,Thurley,sthurleyj9@amazon.com,Male,Social Worker
695,Jacklyn,Allon,jallonja@360.cn,Female,Assistant Manager
696,Ann,Kaszper,akaszperjb@shop-pro.jp,Female,Automation Specialist II
697,Hailey,Rouby,hroubyjc@rakuten.co.jp,Male,VP Sales
698,Pepe,Woodhead,pwoodheadjd@blogger.com,Male,Design Engineer
699,Bondon,Caldicott,bcaldicottje@posterous.com,Male,Clinical Specialist
700,Mickey,Steart,msteartjf@sphinn.com,Male,Operator
701,Harp,Haslock(e),hhaslockejg@hud.gov,Male,Clinical Specialist
702,Vance,Fagg,vfaggjh@house.gov,Male,VP Quality Control
703,Devinne,Ganning,dganningji@ftc.gov,Female,Executive Secretary
704,Ron,Mc Pake,rmcpakejj@reuters.com,Male,Automation Specialist IV
705,Kale,Gieves,kgievesjk@bloglines.com,Male,Safety Technician I
706,Delilah,Daley,ddaleyjl@storify.com,Female,Recruiting Manager
707,Andrew,Reford,arefordjm@shutterfly.com,Male,Clinical Specialist
708,Dorice,Beers,dbeersjn@smh.com.au,Female,Software Engineer IV
709,Jocelyn,LaBastida,jlabastidajo@youku.com,Female,Internal Auditor
710,Gideon,Ranken,grankenjp@washington.edu,Male,Human Resources Assistant II
711,Jarrod,Kupis,jkupisjq@hao123.com,Male,Chief Design Engineer
712,Shem,Creasy,screasyjr@hp.com,Male,Programmer IV
713,Kandace,Whaites,kwhaitesjs@elpais.com,Female,Web Developer III
714,Barbabra,Selly,bsellyjt@wp.com,Female,Help Desk Operator
715,Sheffie,Stairs,sstairsju@xrea.com,Male,Electrical Engineer
716,Fidelio,Barde,fbardejv@cloudflare.com,Male,Sales Associate
717,Eddi,Deveral,edeveraljw@apple.com,Female,Speech Pathologist
718,Jacquenette,Paulack,jpaulackjx@amazon.co.jp,Female,Office Assistant IV
719,Geno,Stace,gstacejy@answers.com,Male,Account Coordinator
720,Thor,Verrick,tverrickjz@jalbum.net,Male,Operator
721,Barthel,Fullwood,bfullwoodk0@hhs.gov,Genderqueer,Help Desk Operator
722,Abdul,Francioli,afranciolik1@google.it,Male,Geological Engineer
723,Tania,MacConnell,tmacconnellk2@de.vu,Female,Human Resources Assistant II
724,Berton,Winteringham,bwinteringhamk3@amazonaws.com,Male,Financial Advisor
725,Candice,Devinn,cdevinnk4@163.com,Female,Account Coordinator
726,Darren,Cordie,dcordiek5@prlog.org,Male,Help Desk Operator
727,Aili,Forrestall,aforrestallk6@photobucket.com,Female,Senior Sales Associate
728,Jeannine,Scarsbrook,jscarsbrookk7@technorati.com,Female,Business Systems Development Analyst
729,Thurstan,Faunch,tfaunchk8@godaddy.com,Male,Administrative Officer
730,Karlens,Radke,kradkek9@sourceforge.net,Male,Chief Design Engineer
731,Gauthier,Otto,gottoka@archive.org,Male,Tax Accountant
732,Danny,Byass,dbyasskb@wsj.com,Male,Design Engineer
733,Zared,Kalisch,zkalischkc@netvibes.com,Male,Compensation Analyst
734,Wiley,Mosdell,wmosdellkd@g.co,Male,Account Executive
735,Karrah,Brownsea,kbrownseake@omniture.com,Non-binary,Environmental Specialist
736,Isaak,Whether,iwhetherkf@nsw.gov.au,Male,Budget/Accounting Analyst I
737,Case,Grayshon,cgrayshonkg@blogspot.com,Male,Legal Assistant
738,Elfrida,Armer,earmerkh@pcworld.com,Female,Software Test Engineer II
739,Dorie,Blakeslee,dblakesleeki@creativecommons.org,Female,Web Developer II
740,Vivie,Rolfs,vrolfskj@google.com,Female,Technical Writer
741,Brenda,Edgecombe,bedgecombekk@bandcamp.com,Polygender,Administrative Officer
742,Mari,Mauchline,mmauchlinekl@quantcast.com,Female,Sales Representative
743,Karoline,Benmore,kbenmorekm@ezinearticles.com,Genderfluid,Accountant IV
744,Wynn,Annandale,wannandalekn@surveymonkey.com,Female,Mechanical Systems Engineer
745,Kiley,Touson,ktousonko@nasa.gov,Male,Programmer IV
746,Tracy,Minero,tminerokp@wikia.com,Non-binary,Geological Engineer
747,Jo ann,Weedon,jweedonkq@mysql.com,Female,Nurse
748,Artemas,Jochen,ajochenkr@prnewswire.com,Male,Physical Therapy Assistant
749,Horton,Rubin,hrubinks@columbia.edu,Agender,VP Accounting
750,Antonietta,Toffanini,atoffaninikt@goo.ne.jp,Female,Database Administrator IV
751,Penrod,Oxborrow,poxborrowku@usnews.com,Male,Paralegal
752,Bruce,Lavery,blaverykv@geocities.com,Polygender,Business Systems Development Analyst
753,Dimitry,Blaiklock,dblaiklockkw@spiegel.de,Male,Health Coach II
754,Pru,Attride,pattridekx@acquirethisname.com,Female,Operator
755,Cull,Harbage,charbageky@deviantart.com,Male,Junior Executive
756,Torre,Terzi,tterzikz@apache.org,Male,Graphic Designer
757,Clemmy,Darrel,cdarrell0@state.tx.us,Female,Help Desk Operator
758,Cicily,Gosson,cgossonl1@friendfeed.com,Female,Payment Adjustment Coordinator
759,Louie,Jermy,ljermyl2@deviantart.com,Male,Civil Engineer
760,Clementine,Lindwasser,clindwasserl3@amazonaws.com,Non-binary,Teacher
761,Jose,Larkcum,jlarkcuml4@noaa.gov,Male,Clinical Specialist
762,Beaufort,Bamborough,bbamboroughl5@bravesites.com,Polygender,Senior Financial Analyst
763,Mal,Mostyn,mmostynl6@chron.com,Male,Quality Engineer
764,Marcie,Loudwell,mloudwelll7@reference.com,Female,Administrative Assistant III
765,Louise,Demange,ldemangel8@discovery.com,Female,Environmental Tech
766,Marcel,Jobes,mjobesl9@google.nl,Male,VP Marketing
767,Allister,Berry,aberryla@blogtalkradio.com,Male,Account Representative II
768,Guglielmo,Poluzzi,gpoluzzilb@ovh.net,Male,Office Assistant IV
769,Manolo,Goch,mgochlc@privacy.gov.au,Male,Clinical Specialist
770,Caro,Lewsie,clewsield@infoseek.co.jp,Female,Chemical Engineer
771,Trip,McIan,tmcianle@hp.com,Male,Nurse Practicioner
772,Orelie,Camps,ocampslf@marriott.com,Female,Financial Advisor
773,Stefanie,Purves,spurveslg@g.co,Female,Budget/Accounting Analyst II
774,Ode,Dawton,odawtonlh@telegraph.co.uk,Non-binary,Marketing Assistant
775,Debbi,Winterbotham,dwinterbothamli@symantec.com,Female,Nurse Practicioner
776,Morton,Onslow,monslowlj@dot.gov,Male,Senior Financial Analyst
777,Mikkel,Bluck,mblucklk@noaa.gov,Male,Account Coordinator
778,Johnette,Brompton,jbromptonll@homestead.com,Female,Librarian
779,Rafi,Wittering,rwitteringlm@php.net,Male,Research Associate
780,Nanni,Stroton,nstrotonln@example.com,Female,Electrical Engineer
781,Troy,Webermann,twebermannlo@goodreads.com,Male,Programmer Analyst III
782,Damiano,Kernell,dkernelllp@bandcamp.com,Male,Office Assistant III
783,Fey,Smidmoor,fsmidmoorlq@ucoz.ru,Female,Payment Adjustment Coordinator
784,Noland,Clayson,nclaysonlr@pcworld.com,Male,Tax Accountant
785,Erhard,Chetham,echethamls@loc.gov,Male,Human Resources Assistant I
786,Earlie,Sturridge,esturridgelt@un.org,Male,Help Desk Technician
787,Renato,Kinnear,rkinnearlu@blinklist.com,Male,Environmental Tech
788,Mandel,Darter,mdarterlv@parallels.com,Male,Health Coach I
789,Rayna,Reedman,rreedmanlw@disqus.com,Female,Senior Quality Engineer
790,Gale,Cino,gcinolx@aol.com,Male,Marketing Manager
791,Natty,Yurygyn,nyurygynly@ucla.edu,Male,Graphic Designer
792,Boone,Bamsey,bbamseylz@instagram.com,Male,Marketing Manager
793,Aretha,Higgonet,ahiggonetm0@rakuten.co.jp,Female,Executive Secretary
794,Shani,Genders,sgendersm1@behance.net,Female,Environmental Specialist
795,Hurlee,Purves,hpurvesm2@blogs.com,Male,Professor
796,Wenonah,Lavers,wlaversm3@stanford.edu,Female,Sales Representative
797,Clarie,Fiddian,cfiddianm4@wordpress.org,Female,Senior Quality Engineer
798,Silvan,Skeen,sskeenm5@senate.gov,Male,Senior Quality Engineer
799,Roze,Gauvin,rgauvinm6@t-online.de,Female,Tax Accountant
800,Tucker,Libbey,tlibbeym7@nsw.gov.au,Male,Tax Accountant
801,Dill,Piechnik,dpiechnikm8@dmoz.org,Male,Geologist II
802,Ibby,Hughf,ihughfm9@youtu.be,Female,Electrical Engineer
803,Georgie,Dalby,gdalbyma@yelp.com,Male,Programmer Analyst II
804,Gail,Feria,gferiamb@dyndns.org,Female,Payment Adjustment Coordinator
805,Griffie,Egre,gegremc@examiner.com,Male,Account Executive
806,Gladys,Woodham,gwoodhammd@cafepress.com,Female,Desktop Support Technician
807,Kayley,Vida,kvidame@theglobeandmail.com,Female,Librarian
808,Davide,Smeeton,dsmeetonmf@berkeley.edu,Male,Chemical Engineer
809,Edi,Matthewson,ematthewsonmg@networksolutions.com,Female,Associate Professor
810,Faulkner,Bouller,fboullermh@slideshare.net,Male,Senior Cost Accountant
811,Tybie,Shailer,tshailermi@google.es,Female,Electrical Engineer
812,Dolley,Tregensoe,dtregensoemj@ibm.com,Female,Teacher
813,Candy,Trunkfield,ctrunkfieldmk@sourceforge.net,Female,Senior Financial Analyst
814,Sebastien,Ross,srossml@deliciousdays.com,Male,General Manager
815,Tybie,Unworth,tunworthmm@usatoday.com,Female,Legal Assistant
816,Adi,Cole,acolemn@rakuten.co.jp,Female,Web Developer III
817,Glenna,Danton,gdantonmo@state.tx.us,Female,Programmer I
818,Malena,Robiot,mrobiotmp@goodreads.com,Female,Editor
819,Chandal,Dumphries,cdumphriesmq@soundcloud.com,Female,Assistant Manager
820,Reggis,Gandy,rgandymr@people.com.cn,Male,Occupational Therapist
821,Angel,Hablet,ahabletms@engadget.com,Male,Computer Systems Analyst IV
822,Maryanne,Barton,mbartonmt@npr.org,Female,Web Developer II
823,Kali,Cuthbert,kcuthbertmu@mapy.cz,Genderqueer,Structural Engineer
824,Bealle,Dempsey,bdempseymv@mac.com,Male,Information Systems Manager
825,Gwyneth,Beernt,gbeerntmw@theglobeandmail.com,Female,Speech Pathologist
826,Carlee,Pimlott,cpimlottmx@google.co.jp,Female,Human Resources Manager
827,Nathanael,Tunder,ntundermy@angelfire.com,Male,Actuary
828,Isidor,Battlestone,ibattlestonemz@bravesites.com,Male,Programmer III
829,Andonis,Gerauld,agerauldn0@feedburner.com,Male,Programmer Analyst II
830,Francklin,Lymbourne,flymbournen1@creativecommons.org,Agender,General Manager
831,Barri,Devin,bdevinn2@linkedin.com,Male,Database Administrator I
832,Ker,Troman,ktromann3@joomla.org,Male,Speech Pathologist
833,Lynda,Goodsir,lgoodsirn4@wisc.edu,Female,Analyst Programmer
834,Diarmid,Jeratt,djerattn5@geocities.com,Male,Nuclear Power Engineer
835,Chance,Balazs,cbalazsn6@xinhuanet.com,Male,Technical Writer
836,Elmore,Bratch,ebratchn7@prweb.com,Male,Nurse Practicioner
837,Roselin,Deacon,rdeaconn8@mysql.com,Female,Staff Scientist
838,Rosmunda,Daffey,rdaffeyn9@quantcast.com,Female,Editor
839,Eve,Lawlie,elawliena@ow.ly,Female,Payment Adjustment Coordinator
840,Salomo,Addis,saddisnb@aol.com,Male,Financial Advisor
841,Puff,Toler,ptolernc@oracle.com,Male,Teacher
842,Niall,Hug,nhugnd@huffingtonpost.com,Polygender,General Manager
843,Sari,Lemary,slemaryne@github.com,Female,Teacher
844,Adoree,De Roeck,aderoecknf@businessinsider.com,Female,Quality Engineer
845,Celle,Bullon,cbullonng@jalbum.net,Female,Registered Nurse
846,Dom,Linger,dlingernh@go.com,Male,Programmer Analyst IV
847,Katrinka,Dashwood,kdashwoodni@bigcartel.com,Female,VP Quality Control
848,Joanne,Kolushev,jkolushevnj@marketwatch.com,Polygender,Speech Pathologist
849,Linzy,Purvess,lpurvessnk@google.ru,Female,Paralegal
850,Rowen,End,rendnl@joomla.org,Male,Programmer IV
851,Vivianna,Crowdson,vcrowdsonnm@paypal.com,Female,Data Coordinator
852,Eberto,Taffurelli,etaffurellinn@alibaba.com,Male,Office Assistant II
853,Helenka,Laphorn,hlaphornno@businessweek.com,Female,Chief Design Engineer
854,Mirabella,Inold,minoldnp@lycos.com,Female,Financial Advisor
855,Edee,Fazackerley,efazackerleynq@netlog.com,Female,Analyst Programmer
856,Timoteo,Cosgrive,tcosgrivenr@wsj.com,Non-binary,Biostatistician IV
857,Mose,Draxford,mdraxfordns@craigslist.org,Male,Geological Engineer
858,Jemie,Casini,jcasinint@merriam-webster.com,Female,Human Resources Assistant I
859,Fredrika,Coulston,fcoulstonnu@nifty.com,Female,Graphic Designer
860,Zitella,Shann,zshannnv@aol.com,Polygender,Community Outreach Specialist
861,Lovell,Hoyer,lhoyernw@arstechnica.com,Male,Systems Administrator II
862,Minor,LAbbet,mlabbetnx@hexun.com,Male,Pharmacist
863,Elfrieda,Whittock,ewhittockny@comcast.net,Female,Electrical Engineer
864,Goldarina,Cowely,gcowelynz@fda.gov,Female,Teacher
865,Valeda,Le Port,vleporto0@utexas.edu,Female,VP Accounting
866,Jefferson,Seals,jsealso1@so-net.ne.jp,Male,Recruiting Manager
867,Adams,Carden,acardeno2@uol.com.br,Male,Analog Circuit Design manager
868,Vick,Hoyes,vhoyeso3@stanford.edu,Male,Accountant II
869,Leupold,Mouser,lmousero4@princeton.edu,Male,VP Accounting
870,Marena,Davley,mdavleyo5@tinypic.com,Genderqueer,Programmer II
871,Melosa,Jobey,mjobeyo6@eepurl.com,Female,Operator
872,Rafe,Washington,rwashingtono7@ihg.com,Male,Statistician III
873,Brade,Kivelle,bkivelleo8@infoseek.co.jp,Male,Legal Assistant
874,Dagmar,Vardy,dvardyo9@t.co,Female,Social Worker
875,Kristina,Clendennen,kclendennenoa@mac.com,Female,Marketing Manager
876,Elsbeth,Jankowski,ejankowskiob@topsy.com,Female,Dental Hygienist
877,Isabelle,Troup,itroupoc@epa.gov,Female,Occupational Therapist
878,Phillip,Steers,psteersod@lulu.com,Male,Accountant I
879,Junie,Vivash,jvivashoe@ted.com,Female,VP Product Management
880,Ainsley,Hargate,ahargateof@github.io,Female,Help Desk Operator
881,Diahann,Laviss,dlavissog@uiuc.edu,Female,Automation Specialist II
882,Kessiah,Mousley,kmousleyoh@fastcompany.com,Female,Legal Assistant
883,Ginnie,Humpatch,ghumpatchoi@typepad.com,Female,Administrative Assistant II
884,Abdel,Rubinlicht,arubinlichtoj@xing.com,Male,Account Representative II
885,Rebekah,Trillow,rtrillowok@china.com.cn,Female,Graphic Designer
886,Bret,Cambell,bcambellol@quantcast.com,Male,Junior Executive
887,Harmony,Mollitt,hmollittom@oracle.com,Female,Compensation Analyst
888,Aloysia,Rounsefell,arounsefellon@creativecommons.org,Female,Budget/Accounting Analyst IV
889,Sergei,Borzoni,sborzonioo@indiegogo.com,Male,Nurse Practicioner
890,Blanch,Raubenheim,braubenheimop@cloudflare.com,Bigender,Assistant Manager
891,Fredi,Berryman,fberrymanoq@youku.com,Female,Recruiter
892,Daveta,Hanhard,dhanhardor@weibo.com,Genderfluid,Budget/Accounting Analyst II
893,Georgia,Sellstrom,gsellstromos@patch.com,Female,Assistant Professor
894,Benton,Sudran,bsudranot@omniture.com,Male,Speech Pathologist
895,Damara,Scamerden,dscamerdenou@rakuten.co.jp,Female,Paralegal
896,Silvana,Wolters,swoltersov@cbslocal.com,Bigender,Data Coordinator
897,Kerri,Cremin,kcreminow@independent.co.uk,Female,Data Coordinator
898,Hendrick,Bound,hboundox@bizjournals.com,Male,Social Worker
899,Gusti,Godbold,ggodboldoy@nydailynews.com,Female,Budget/Accounting Analyst II
900,Celestyn,Van Saltsberg,cvansaltsbergoz@behance.net,Female,Biostatistician IV
901,Rhonda,Kenzie,rkenziep0@g.co,Female,Help Desk Technician
902,Tailor,McWhannel,tmcwhannelp1@vk.com,Genderfluid,Payment Adjustment Coordinator
903,Emmalee,Larmour,elarmourp2@soundcloud.com,Female,Accountant I
904,Brad,Habgood,bhabgoodp3@wunderground.com,Male,Geologist IV
905,Claire,Ree,creep4@fastcompany.com,Male,VP Product Management
906,Nanine,MacTimpany,nmactimpanyp5@uol.com.br,Female,Senior Developer
907,Lalo,Evans,levansp6@pcworld.com,Male,Analyst Programmer
908,Rik,Treverton,rtrevertonp7@loc.gov,Male,Financial Analyst
909,Carie,Catcheside,ccatchesidep8@moonfruit.com,Female,Nuclear Power Engineer
910,Bendicty,Malby,bmalbyp9@engadget.com,Male,Accounting Assistant II
911,Law,Peakman,lpeakmanpa@so-net.ne.jp,Male,Office Assistant II
912,Erma,Minico,eminicopb@cargocollective.com,Female,Developer III
913,Queenie,Swanger,qswangerpc@arstechnica.com,Female,Geologist III
914,Tersina,Howel,thowelpd@phpbb.com,Female,Physical Therapy Assistant
915,Martha,Gillbee,mgillbeepe@etsy.com,Female,Paralegal
916,Sergei,Dadd,sdaddpf@cisco.com,Male,Automation Specialist IV
917,Serene,Swanton,sswantonpg@sourceforge.net,Female,Cost Accountant
918,Iosep,Brinson,ibrinsonph@ted.com,Genderfluid,Tax Accountant
919,Mildrid,Tunn,mtunnpi@vkontakte.ru,Female,Account Executive
920,Elysee,Bewlie,ebewliepj@chronoengine.com,Female,Developer IV
921,Yorke,Tilburn,ytilburnpk@hostgator.com,Male,Financial Analyst
922,Cher,Frearson,cfrearsonpl@sina.com.cn,Female,Environmental Specialist
923,Lonna,Gillbard,lgillbardpm@nih.gov,Female,Environmental Specialist
924,Craig,Grayshan,cgrayshanpn@newsvine.com,Male,Health Coach I
925,Felike,Lowis,flowispo@a8.net,Male,Human Resources Manager
926,Xever,Usher,xusherpp@mlb.com,Male,Software Consultant
927,Jewelle,Badland,jbadlandpq@comsenz.com,Female,Desktop Support Technician
928,Felisha,Shortan,fshortanpr@nymag.com,Female,Assistant Manager
929,Lana,Surman-Wells,lsurmanwellsps@wikipedia.org,Female,Geological Engineer
930,Silvia,Mears,smearspt@hud.gov,Female,Internal Auditor
931,Eydie,Brangan,ebranganpu@yolasite.com,Female,Marketing Manager
932,Saraann,McGowan,smcgowanpv@mapquest.com,Female,Account Coordinator
933,Burty,Latch,blatchpw@flickr.com,Male,Recruiting Manager
934,Clari,Kelshaw,ckelshawpx@example.com,Female,Software Consultant
935,Raphaela,Weich,rweichpy@tamu.edu,Female,Cost Accountant
936,Terrie,Cheltnam,tcheltnampz@homestead.com,Female,Sales Representative
937,Giacobo,Paybody,gpaybodyq0@hud.gov,Genderqueer,Electrical Engineer
938,Washington,Tilson,wtilsonq1@hhs.gov,Male,Developer I
939,Querida,Quiddinton,qquiddintonq2@marketwatch.com,Female,Desktop Support Technician
940,Audie,Shallcroff,ashallcroffq3@smugmug.com,Female,Information Systems Manager
941,Jeffy,Schutte,jschutteq4@tiny.cc,Male,Software Test Engineer III
942,Aldrich,O'Daly,aodalyq5@thetimes.co.uk,Male,Systems Administrator I
943,Heath,Goman,hgomanq6@qq.com,Male,Administrative Officer
944,Onfroi,Dallimore,odallimoreq7@ameblo.jp,Male,Structural Engineer
945,Ade,Kielt,akieltq8@wikimedia.org,Male,Physical Therapy Assistant
946,Holli,Tucknott,htucknottq9@discuz.net,Female,Marketing Manager
947,Bess,Northleigh,bnorthleighqa@altervista.org,Female,Community Outreach Specialist
948,Esme,Nunnerley,enunnerleyqb@earthlink.net,Male,Internal Auditor
949,Margret,Scholes,mscholesqc@google.com,Female,Computer Systems Analyst IV
950,Kennie,Sacase,ksacaseqd@altervista.org,Male,Senior Developer
951,Lilia,Marsters,lmarstersqe@wix.com,Female,Human Resources Manager
952,Tom,Rawling,trawlingqf@oracle.com,Male,Occupational Therapist
953,Lutero,Ayrton,layrtonqg@google.ru,Male,Business Systems Development Analyst
954,Antonella,Joselin,ajoselinqh@unicef.org,Female,Director of Sales
955,Towney,Tantrum,ttantrumqi@goo.ne.jp,Male,Automation Specialist III
956,Trefor,Frankiss,tfrankissqj@blogs.com,Male,Senior Financial Analyst
957,Henri,Wand,hwandqk@sun.com,Male,Research Nurse
958,Angelique,Laurisch,alaurischql@php.net,Female,VP Quality Control
959,Petey,McGhee,pmcgheeqm@slate.com,Male,Paralegal
960,Ferd,De Benedetti,fdebenedettiqn@java.com,Male,Clinical Specialist
961,Kristoforo,Domerque,kdomerqueqo@github.io,Male,Electrical Engineer
962,Petunia,Blakemore,pblakemoreqp@github.io,Female,Dental Hygienist
963,Kienan,Paulsson,kpaulssonqq@java.com,Male,Cost Accountant
964,Adiana,Shufflebotham,ashufflebothamqr@alibaba.com,Female,Librarian
965,Vaughan,Kirwood,vkirwoodqs@spotify.com,Male,Research Associate
966,Antonella,Kovnot,akovnotqt@mapy.cz,Female,VP Sales
967,Janeva,Castanone,jcastanonequ@sciencedirect.com,Female,Nurse
968,Kennan,Devoy,kdevoyqv@bizjournals.com,Male,Research Assistant II
969,Chandler,De Castri,cdecastriqw@webs.com,Male,Legal Assistant
970,Sebastiano,Crapper,scrapperqx@jugem.jp,Male,Media Manager IV
971,Marissa,Depper,mdepperqy@statcounter.com,Female,Cost Accountant
972,Flory,Rainy,frainyqz@ca.gov,Male,VP Product Management
973,Ronda,Pedroli,rpedrolir0@gnu.org,Female,Physical Therapy Assistant
974,Kelly,Tocher,ktocherr1@archive.org,Polygender,Structural Engineer
975,Alleyn,Hargreave,ahargreaver2@soundcloud.com,Male,Automation Specialist II
976,Lorry,Saffen,lsaffenr3@infoseek.co.jp,Male,Clinical Specialist
977,Milty,Loton,mlotonr4@weather.com,Male,Automation Specialist II
978,Patrizio,Borrow,pborrowr5@fc2.com,Male,Financial Advisor
979,Der,Wansbury,dwansburyr6@facebook.com,Male,Graphic Designer
980,Merrielle,Glynne,mglynner7@elpais.com,Female,Dental Hygienist
981,Lauritz,Drysdall,ldrysdallr8@upenn.edu,Male,Research Nurse
982,Ferne,Galvin,fgalvinr9@umn.edu,Female,Electrical Engineer
983,Enoch,Sprey,espreyra@tmall.com,Male,Help Desk Operator
984,Modesta,Besnard,mbesnardrb@miibeian.gov.cn,Female,Analyst Programmer
985,Corey,Devlin,cdevlinrc@prlog.org,Female,Web Developer I
986,Fowler,Garlicke,fgarlickerd@biblegateway.com,Male,Budget/Accounting Analyst III
987,Grayce,Iacomettii,giacomettiire@51.la,Female,Senior Sales Associate
988,Laurianne,Kordovani,lkordovanirf@cmu.edu,Polygender,VP Sales
989,Zebadiah,Gipson,zgipsonrg@cnn.com,Male,Human Resources Manager
990,Brittney,Tidey,btideyrh@gravatar.com,Female,Civil Engineer
991,Rubetta,Dorey,rdoreyri@nydailynews.com,Female,Research Assistant III
992,Leonerd,McMaster,lmcmasterrj@amazon.co.jp,Male,Analog Circuit Design manager
993,Diego,Grinikhinov,dgrinikhinovrk@marriott.com,Bigender,Product Engineer
994,Christian,Blinman,cblinmanrl@digg.com,Female,Quality Control Specialist
995,Lynnett,Cockton,lcocktonrm@sourceforge.net,Female,Statistician II
996,Dynah,Manson,dmansonrn@jiathis.com,Female,Payment Adjustment Coordinator
997,Keith,Maas,kmaasro@cbsnews.com,Male,Senior Quality Engineer
998,Adamo,MacGinney,amacginneyrp@yolasite.com,Male,Account Coordinator
999,Linnea,Pulsford,lpulsfordrq@facebook.com,Female,Recruiter
1000,Cherise,Mithon,cmithonrr@t-online.de,Female,Help Desk Technician
